keyword,preliminary_sic_section,subreddit,subreddit_url,raw_text,keep,manual_sic_section,screening_status,notes
accountant,K_Financial_Insurance,ACCA,https://www.reddit.com/r/ACCA/,ACCA,,,pending_review,
accountant,K_Financial_Insurance,accountability,https://www.reddit.com/r/accountability/,accountability,,,pending_review,
accountant,K_Financial_Insurance,Accountant,https://www.reddit.com/r/Accountant/,Accountant,,,pending_review,
accountant,K_Financial_Insurance,accountanthell,https://www.reddit.com/r/accountanthell/,accountanthell,,,pending_review,
accountant,K_Financial_Insurance,AccountantHumor,https://www.reddit.com/r/AccountantHumor/,AccountantHumor,,,pending_review,
accountant,K_Financial_Insurance,accountants,https://www.reddit.com/r/accountants/,accountants,,,pending_review,
accountant,K_Financial_Insurance,AccountantsEire,https://www.reddit.com/r/AccountantsEire/,AccountantsEire,,,pending_review,
accountant,K_Financial_Insurance,AccountantShitPosting,https://www.reddit.com/r/AccountantShitPosting/,AccountantShitPosting,,,pending_review,
accountant,K_Financial_Insurance,Accounting,https://www.reddit.com/r/Accounting/,Accounting,,,pending_review,
accountant,K_Financial_Insurance,accountingCAN,https://www.reddit.com/r/accountingCAN/,accountingCAN,,,pending_review,
accountant,K_Financial_Insurance,AccountingDepartment,https://www.reddit.com/r/AccountingDepartment/,AccountingDepartment,,,pending_review,
accountant,K_Financial_Insurance,AccountingPH,https://www.reddit.com/r/AccountingPH/,AccountingPH,,,pending_review,
accountant,K_Financial_Insurance,AccountingUK,https://www.reddit.com/r/AccountingUK/,AccountingUK,,,pending_review,
accountant,K_Financial_Insurance,actuary,https://www.reddit.com/r/actuary/,actuary,,,pending_review,
accountant,K_Financial_Insurance,Actuary_news,https://www.reddit.com/r/Actuary_news/,Actuary_news,,,pending_review,
accountant,K_Financial_Insurance,ActuaryUK,https://www.reddit.com/r/ActuaryUK/,ActuaryUK,,,pending_review,
accountant,K_Financial_Insurance,AdminAssistant,https://www.reddit.com/r/AdminAssistant/,AdminAssistant,,,pending_review,
accountant,K_Financial_Insurance,AskAccounting,https://www.reddit.com/r/AskAccounting/,AskAccounting,,,pending_review,
accountant,K_Financial_Insurance,AskAnAccountant,https://www.reddit.com/r/AskAnAccountant/,AskAnAccountant,,,pending_review,
accountant,K_Financial_Insurance,auditing,https://www.reddit.com/r/auditing/,auditing,,,pending_review,
accountant,K_Financial_Insurance,Auditor,https://www.reddit.com/r/Auditor/,Auditor,,,pending_review,
accountant,K_Financial_Insurance,AustralianAccounting,https://www.reddit.com/r/AustralianAccounting/,AustralianAccounting,,,pending_review,
accountant,K_Financial_Insurance,BadAccounting,https://www.reddit.com/r/BadAccounting/,BadAccounting,,,pending_review,
accountant,K_Financial_Insurance,Bookkeeping,https://www.reddit.com/r/Bookkeeping/,Bookkeeping,,,pending_review,
accountant,K_Financial_Insurance,businessanalyst,https://www.reddit.com/r/businessanalyst/,businessanalyst,,,pending_review,
accountant,K_Financial_Insurance,businessbroker,https://www.reddit.com/r/businessbroker/,businessbroker,,,pending_review,
accountant,K_Financial_Insurance,canadarevenueagency,https://www.reddit.com/r/canadarevenueagency/,canadarevenueagency,,,pending_review,
accountant,K_Financial_Insurance,careeradvice,https://www.reddit.com/r/careeradvice/,careeradvice,,,pending_review,
accountant,K_Financial_Insurance,CFE,https://www.reddit.com/r/CFE/,CFE,,,pending_review,
accountant,K_Financial_Insurance,CFO,https://www.reddit.com/r/CFO/,CFO,,,pending_review,
accountant,K_Financial_Insurance,CharteredAccountant,https://www.reddit.com/r/CharteredAccountant/,CharteredAccountant,,,pending_review,
accountant,K_Financial_Insurance,CharteredAccountants,https://www.reddit.com/r/CharteredAccountants/,CharteredAccountants,,,pending_review,
accountant,K_Financial_Insurance,CMA,https://www.reddit.com/r/CMA/,CMA,,,pending_review,
accountant,K_Financial_Insurance,CompanySecretary,https://www.reddit.com/r/CompanySecretary/,CompanySecretary,,,pending_review,
accountant,K_Financial_Insurance,consultingcareers,https://www.reddit.com/r/consultingcareers/,consultingcareers,,,pending_review,
accountant,K_Financial_Insurance,Controlling,https://www.reddit.com/r/Controlling/,Controlling,,,pending_review,
accountant,K_Financial_Insurance,corporate,https://www.reddit.com/r/corporate/,corporate,,,pending_review,
accountant,K_Financial_Insurance,CostAccounting,https://www.reddit.com/r/CostAccounting/,CostAccounting,,,pending_review,
accountant,K_Financial_Insurance,CPA,https://www.reddit.com/r/CPA/,CPA,,,pending_review,
accountant,K_Financial_Insurance,CPAExamAdvice,https://www.reddit.com/r/CPAExamAdvice/,CPAExamAdvice,,,pending_review,
accountant,K_Financial_Insurance,CPAIndia,https://www.reddit.com/r/CPAIndia/,CPAIndia,,,pending_review,
accountant,K_Financial_Insurance,CPAs,https://www.reddit.com/r/CPAs/,CPAs,,,pending_review,
accountant,K_Financial_Insurance,ExecutiveAssistants,https://www.reddit.com/r/ExecutiveAssistants/,ExecutiveAssistants,,,pending_review,
accountant,K_Financial_Insurance,FinancialAnalyst,https://www.reddit.com/r/FinancialAnalyst/,FinancialAnalyst,,,pending_review,
accountant,K_Financial_Insurance,FinancialCareers,https://www.reddit.com/r/FinancialCareers/,FinancialCareers,,,pending_review,
accountant,K_Financial_Insurance,InsuranceAgent,https://www.reddit.com/r/InsuranceAgent/,InsuranceAgent,,,pending_review,
accountant,K_Financial_Insurance,InsuranceProfessional,https://www.reddit.com/r/InsuranceProfessional/,InsuranceProfessional,,,pending_review,
accountant,K_Financial_Insurance,InternalAudit,https://www.reddit.com/r/InternalAudit/,InternalAudit,,,pending_review,
accountant,K_Financial_Insurance,ManagementAccounting,https://www.reddit.com/r/ManagementAccounting/,ManagementAccounting,,,pending_review,
accountant,K_Financial_Insurance,NY_Tax_Professionals,https://www.reddit.com/r/NY_Tax_Professionals/,NY_Tax_Professionals,,,pending_review,
accountant,K_Financial_Insurance,office,https://www.reddit.com/r/office/,office,,,pending_review,
accountant,K_Financial_Insurance,OfficePolitics,https://www.reddit.com/r/OfficePolitics/,OfficePolitics,,,pending_review,
accountant,K_Financial_Insurance,serviceadvisors,https://www.reddit.com/r/serviceadvisors/,serviceadvisors,,,pending_review,
accountant,K_Financial_Insurance,taxpros,https://www.reddit.com/r/taxpros/,taxpros,,,pending_review,
accountant,K_Financial_Insurance,TheBig4Accountant,https://www.reddit.com/r/TheBig4Accountant/,TheBig4Accountant,,,pending_review,
accountant,K_Financial_Insurance,TheCanadianAccountant,https://www.reddit.com/r/TheCanadianAccountant/,TheCanadianAccountant,,,pending_review,
accountant,K_Financial_Insurance,ukaccounting,https://www.reddit.com/r/ukaccounting/,ukaccounting,,,pending_review,
accountant;lawyer,K_Financial_Insurance,ClaimsAdjuster,https://www.reddit.com/r/ClaimsAdjuster/,ClaimsAdjuster,,,pending_review,
accountant;lawyer,K_Financial_Insurance,Frauditors,https://www.reddit.com/r/Frauditors/,Frauditors,,,pending_review,
lawyer,M_Professional_Scientific_Technical,AdulteryHate,https://www.reddit.com/r/AdulteryHate/,AdulteryHate,,,pending_review,
lawyer,M_Professional_Scientific_Technical,Ask_Lawyers,https://www.reddit.com/r/Ask_Lawyers/,Ask_Lawyers,,,pending_review,
lawyer,M_Professional_Scientific_Technical,AskALawyer,https://www.reddit.com/r/AskALawyer/,AskALawyer,,,pending_review,
lawyer,M_Professional_Scientific_Technical,AskLawyers,https://www.reddit.com/r/AskLawyers/,AskLawyers,,,pending_review,
lawyer,M_Professional_Scientific_Technical,AskLegal,https://www.reddit.com/r/AskLegal/,AskLegal,,,pending_review,
lawyer,M_Professional_Scientific_Technical,AusLegal,https://www.reddit.com/r/AusLegal/,AusLegal,,,pending_review,
lawyer,M_Professional_Scientific_Technical,badlegaladvice,https://www.reddit.com/r/badlegaladvice/,badlegaladvice,,,pending_review,
lawyer,M_Professional_Scientific_Technical,bestoflegaladvice,https://www.reddit.com/r/bestoflegaladvice/,bestoflegaladvice,,,pending_review,
lawyer,M_Professional_Scientific_Technical,biglaw,https://www.reddit.com/r/biglaw/,biglaw,,,pending_review,
lawyer,M_Professional_Scientific_Technical,BigLawRecruiting,https://www.reddit.com/r/BigLawRecruiting/,BigLawRecruiting,,,pending_review,
lawyer,M_Professional_Scientific_Technical,BusinessLawyer,https://www.reddit.com/r/BusinessLawyer/,BusinessLawyer,,,pending_review,
lawyer,M_Professional_Scientific_Technical,CarAccidentLawyer,https://www.reddit.com/r/CarAccidentLawyer/,CarAccidentLawyer,,,pending_review,
lawyer,M_Professional_Scientific_Technical,CorporateLawyer,https://www.reddit.com/r/CorporateLawyer/,CorporateLawyer,,,pending_review,
lawyer,M_Professional_Scientific_Technical,FamilyLaw,https://www.reddit.com/r/FamilyLaw/,FamilyLaw,,,pending_review,
lawyer,M_Professional_Scientific_Technical,FirstGenLawyer,https://www.reddit.com/r/FirstGenLawyer/,FirstGenLawyer,,,pending_review,
lawyer,M_Professional_Scientific_Technical,inlaws,https://www.reddit.com/r/inlaws/,inlaws,,,pending_review,
lawyer,M_Professional_Scientific_Technical,JusticeServed,https://www.reddit.com/r/JusticeServed/,JusticeServed,,,pending_review,
lawyer,M_Professional_Scientific_Technical,law,https://www.reddit.com/r/law/,law,,,pending_review,
lawyer,M_Professional_Scientific_Technical,Law_and_Politics,https://www.reddit.com/r/Law_and_Politics/,Law_and_Politics,,,pending_review,
lawyer,M_Professional_Scientific_Technical,LawAndOrder,https://www.reddit.com/r/LawAndOrder/,LawAndOrder,,,pending_review,
lawyer,M_Professional_Scientific_Technical,LawFirm,https://www.reddit.com/r/LawFirm/,LawFirm,,,pending_review,
lawyer,M_Professional_Scientific_Technical,LawFirmAutomation,https://www.reddit.com/r/LawFirmAutomation/,LawFirmAutomation,,,pending_review,
lawyer,M_Professional_Scientific_Technical,LawMoms,https://www.reddit.com/r/LawMoms/,LawMoms,,,pending_review,
lawyer,M_Professional_Scientific_Technical,LawSchool,https://www.reddit.com/r/LawSchool/,LawSchool,,,pending_review,
lawyer,M_Professional_Scientific_Technical,LawSchoolOver30,https://www.reddit.com/r/LawSchoolOver30/,LawSchoolOver30,,,pending_review,
lawyer,M_Professional_Scientific_Technical,LawTeaching,https://www.reddit.com/r/LawTeaching/,LawTeaching,,,pending_review,
lawyer,M_Professional_Scientific_Technical,Lawyer,https://www.reddit.com/r/Lawyer/,Lawyer,,,pending_review,
lawyer,M_Professional_Scientific_Technical,lawyer_irl,https://www.reddit.com/r/lawyer_irl/,lawyer_irl,,,pending_review,
lawyer,M_Professional_Scientific_Technical,LawyerAdvice,https://www.reddit.com/r/LawyerAdvice/,LawyerAdvice,,,pending_review,
lawyer,M_Professional_Scientific_Technical,LawyerAI,https://www.reddit.com/r/LawyerAI/,LawyerAI,,,pending_review,
lawyer,M_Professional_Scientific_Technical,lawyercirclejerk,https://www.reddit.com/r/lawyercirclejerk/,lawyercirclejerk,,,pending_review,
lawyer,M_Professional_Scientific_Technical,lawyermemes,https://www.reddit.com/r/lawyermemes/,lawyermemes,,,pending_review,
lawyer,M_Professional_Scientific_Technical,LawyersForum,https://www.reddit.com/r/LawyersForum/,LawyersForum,,,pending_review,
lawyer,M_Professional_Scientific_Technical,LawyersGrowth,https://www.reddit.com/r/LawyersGrowth/,LawyersGrowth,,,pending_review,
lawyer,M_Professional_Scientific_Technical,LawyersinRecovery,https://www.reddit.com/r/LawyersinRecovery/,LawyersinRecovery,,,pending_review,
lawyer,M_Professional_Scientific_Technical,LawyersOffTheRecord,https://www.reddit.com/r/LawyersOffTheRecord/,LawyersOffTheRecord,,,pending_review,
lawyer,M_Professional_Scientific_Technical,LawyerSpouses,https://www.reddit.com/r/LawyerSpouses/,LawyerSpouses,,,pending_review,
lawyer,M_Professional_Scientific_Technical,LawyersUsefulThings,https://www.reddit.com/r/LawyersUsefulThings/,LawyersUsefulThings,,,pending_review,
lawyer,M_Professional_Scientific_Technical,Lawyertalk,https://www.reddit.com/r/Lawyertalk/,Lawyertalk,,,pending_review,
lawyer,M_Professional_Scientific_Technical,lawyertalkcirclejerk,https://www.reddit.com/r/lawyertalkcirclejerk/,lawyertalkcirclejerk,,,pending_review,
lawyer,M_Professional_Scientific_Technical,legal,https://www.reddit.com/r/legal/,legal,,,pending_review,
lawyer,M_Professional_Scientific_Technical,legaladvice,https://www.reddit.com/r/legaladvice/,legaladvice,,,pending_review,
lawyer,M_Professional_Scientific_Technical,legaladviceaustralia,https://www.reddit.com/r/legaladviceaustralia/,legaladviceaustralia,,,pending_review,
lawyer,M_Professional_Scientific_Technical,legaladvicecanada,https://www.reddit.com/r/legaladvicecanada/,legaladvicecanada,,,pending_review,
lawyer,M_Professional_Scientific_Technical,legaladvicecirclejerk,https://www.reddit.com/r/legaladvicecirclejerk/,legaladvicecirclejerk,,,pending_review,
lawyer,M_Professional_Scientific_Technical,legaladviceofftopic,https://www.reddit.com/r/legaladviceofftopic/,legaladviceofftopic,,,pending_review,
lawyer,M_Professional_Scientific_Technical,LegalAdviceUK,https://www.reddit.com/r/LegalAdviceUK/,LegalAdviceUK,,,pending_review,
lawyer,M_Professional_Scientific_Technical,LegalNews,https://www.reddit.com/r/LegalNews/,LegalNews,,,pending_review,
lawyer,M_Professional_Scientific_Technical,naughtylawyers,https://www.reddit.com/r/naughtylawyers/,naughtylawyers,,,pending_review,
lawyer,M_Professional_Scientific_Technical,paralegal,https://www.reddit.com/r/paralegal/,paralegal,,,pending_review,
lawyer,M_Professional_Scientific_Technical,pettyrevenge,https://www.reddit.com/r/pettyrevenge/,pettyrevenge,,,pending_review,
lawyer,M_Professional_Scientific_Technical,ProsecutorTalk,https://www.reddit.com/r/ProsecutorTalk/,ProsecutorTalk,,,pending_review,
lawyer,M_Professional_Scientific_Technical,publicdefenders,https://www.reddit.com/r/publicdefenders/,publicdefenders,,,pending_review,
lawyer,M_Professional_Scientific_Technical,RealEstateLawyer,https://www.reddit.com/r/RealEstateLawyer/,RealEstateLawyer,,,pending_review,
lawyer,M_Professional_Scientific_Technical,RedditLawyer,https://www.reddit.com/r/RedditLawyer/,RedditLawyer,,,pending_review,
lawyer,M_Professional_Scientific_Technical,uklaw,https://www.reddit.com/r/uklaw/,uklaw,,,pending_review,
lawyer,M_Professional_Scientific_Technical,YourRedditLawyerFirm,https://www.reddit.com/r/YourRedditLawyerFirm/,YourRedditLawyerFirm,,,pending_review,
nurse,Q_Health_Social_Work,asknurses,https://www.reddit.com/r/asknurses/,asknurses,,,pending_review,
nurse,Q_Health_Social_Work,cna,https://www.reddit.com/r/cna/,cna,,,pending_review,
nurse,Q_Health_Social_Work,EmergencyRoom,https://www.reddit.com/r/EmergencyRoom/,EmergencyRoom,,,pending_review,
nurse,Q_Health_Social_Work,ems,https://www.reddit.com/r/ems/,ems,,,pending_review,
nurse,Q_Health_Social_Work,hospitalist,https://www.reddit.com/r/hospitalist/,hospitalist,,,pending_review,
nurse,Q_Health_Social_Work,karen_nurse_comics,https://www.reddit.com/r/karen_nurse_comics/,karen_nurse_comics,,,pending_review,
nurse,Q_Health_Social_Work,KimSchiele_nurse,https://www.reddit.com/r/KimSchiele_nurse/,KimSchiele_nurse,,,pending_review,
nurse,Q_Health_Social_Work,modern_nurse,https://www.reddit.com/r/modern_nurse/,modern_nurse,,,pending_review,
nurse,Q_Health_Social_Work,naughty_nurse_trina,https://www.reddit.com/r/naughty_nurse_trina/,naughty_nurse_trina,,,pending_review,
nurse,Q_Health_Social_Work,newgradnurse,https://www.reddit.com/r/newgradnurse/,newgradnurse,,,pending_review,
nurse,Q_Health_Social_Work,Nurse,https://www.reddit.com/r/Nurse/,Nurse,,,pending_review,
nurse,Q_Health_Social_Work,nurse_of_love,https://www.reddit.com/r/nurse_of_love/,nurse_of_love,,,pending_review,
nurse,Q_Health_Social_Work,NurseAllTheBabies,https://www.reddit.com/r/NurseAllTheBabies/,NurseAllTheBabies,,,pending_review,
nurse,Q_Health_Social_Work,nurseanesthesia,https://www.reddit.com/r/nurseanesthesia/,nurseanesthesia,,,pending_review,
nurse,Q_Health_Social_Work,nursebrain,https://www.reddit.com/r/nursebrain/,nursebrain,,,pending_review,
nurse,Q_Health_Social_Work,nursecoach,https://www.reddit.com/r/nursecoach/,nursecoach,,,pending_review,
nurse,Q_Health_Social_Work,NurseConciergeStartup,https://www.reddit.com/r/NurseConciergeStartup/,NurseConciergeStartup,,,pending_review,
nurse,Q_Health_Social_Work,nurseconfessions,https://www.reddit.com/r/nurseconfessions/,nurseconfessions,,,pending_review,
nurse,Q_Health_Social_Work,NurseConnect,https://www.reddit.com/r/NurseConnect/,NurseConnect,,,pending_review,
nurse,Q_Health_Social_Work,nursecredentialing,https://www.reddit.com/r/nursecredentialing/,nursecredentialing,,,pending_review,
nurse,Q_Health_Social_Work,NurseCstat,https://www.reddit.com/r/NurseCstat/,NurseCstat,,,pending_review,
nurse,Q_Health_Social_Work,NursedImages,https://www.reddit.com/r/NursedImages/,NursedImages,,,pending_review,
nurse,Q_Health_Social_Work,NurseJackie,https://www.reddit.com/r/NurseJackie/,NurseJackie,,,pending_review,
nurse,Q_Health_Social_Work,nursejobs,https://www.reddit.com/r/nursejobs/,nursejobs,,,pending_review,
nurse,Q_Health_Social_Work,NurseJobsUSA,https://www.reddit.com/r/NurseJobsUSA/,NurseJobsUSA,,,pending_review,
nurse,Q_Health_Social_Work,NurseLifeRN,https://www.reddit.com/r/NurseLifeRN/,NurseLifeRN,,,pending_review,
nurse,Q_Health_Social_Work,nursemartyr,https://www.reddit.com/r/nursemartyr/,nursemartyr,,,pending_review,
nurse,Q_Health_Social_Work,Nursememes,https://www.reddit.com/r/Nursememes/,Nursememes,,,pending_review,
nurse,Q_Health_Social_Work,nursensfw,https://www.reddit.com/r/nursensfw/,nursensfw,,,pending_review,
nurse,Q_Health_Social_Work,nursenyasnark,https://www.reddit.com/r/nursenyasnark/,nursenyasnark,,,pending_review,
nurse,Q_Health_Social_Work,nursepambashing,https://www.reddit.com/r/nursepambashing/,nursepambashing,,,pending_review,
nurse,Q_Health_Social_Work,nursepammy3snark,https://www.reddit.com/r/nursepammy3snark/,nursepammy3snark,,,pending_review,
nurse,Q_Health_Social_Work,nursepositivity,https://www.reddit.com/r/nursepositivity/,nursepositivity,,,pending_review,
nurse,Q_Health_Social_Work,nursepractitioner,https://www.reddit.com/r/nursepractitioner/,nursepractitioner,,,pending_review,
nurse,Q_Health_Social_Work,NursePractitionerSub,https://www.reddit.com/r/NursePractitionerSub/,NursePractitionerSub,,,pending_review,
nurse,Q_Health_Social_Work,Nursery,https://www.reddit.com/r/Nursery/,Nursery,,,pending_review,
nurse,Q_Health_Social_Work,NurseryNurseFans,https://www.reddit.com/r/NurseryNurseFans/,NurseryNurseFans,,,pending_review,
nurse,Q_Health_Social_Work,nurserynursesnark,https://www.reddit.com/r/nurserynursesnark/,nurserynursesnark,,,pending_review,
nurse,Q_Health_Social_Work,nurseryrhymes,https://www.reddit.com/r/nurseryrhymes/,nurseryrhymes,,,pending_review,
nurse,Q_Health_Social_Work,Nurses,https://www.reddit.com/r/Nurses/,Nurses,,,pending_review,
nurse,Q_Health_Social_Work,nurses2027,https://www.reddit.com/r/nurses2027/,nurses2027,,,pending_review,
nurse,Q_Health_Social_Work,nurses4truth,https://www.reddit.com/r/nurses4truth/,nurses4truth,,,pending_review,
nurse,Q_Health_Social_Work,nurses_with_addiction,https://www.reddit.com/r/nurses_with_addiction/,nurses_with_addiction,,,pending_review,
nurse,Q_Health_Social_Work,NursesofReddit,https://www.reddit.com/r/NursesofReddit/,NursesofReddit,,,pending_review,
nurse,Q_Health_Social_Work,nursestoriches,https://www.reddit.com/r/nursestoriches/,nursestoriches,,,pending_review,
nurse,Q_Health_Social_Work,Nursestv,https://www.reddit.com/r/Nursestv/,Nursestv,,,pending_review,
nurse,Q_Health_Social_Work,nursesuk,https://www.reddit.com/r/nursesuk/,nursesuk,,,pending_review,
nurse,Q_Health_Social_Work,NursesWorld,https://www.reddit.com/r/NursesWorld/,NursesWorld,,,pending_review,
nurse,Q_Health_Social_Work,nursewithwound,https://www.reddit.com/r/nursewithwound/,nursewithwound,,,pending_review,
nurse,Q_Health_Social_Work,NurseyMia,https://www.reddit.com/r/NurseyMia/,NurseyMia,,,pending_review,
nurse,Q_Health_Social_Work,nursing,https://www.reddit.com/r/nursing/,nursing,,,pending_review,
nurse,Q_Health_Social_Work,nursingjobs,https://www.reddit.com/r/nursingjobs/,nursingjobs,,,pending_review,
nurse,Q_Health_Social_Work,NursingStudents,https://www.reddit.com/r/NursingStudents/,NursingStudents,,,pending_review,
nurse,Q_Health_Social_Work,NursingUK,https://www.reddit.com/r/NursingUK/,NursingUK,,,pending_review,
nurse,Q_Health_Social_Work,StudentNurse,https://www.reddit.com/r/StudentNurse/,StudentNurse,,,pending_review,
nurse,Q_Health_Social_Work,the_nurse,https://www.reddit.com/r/the_nurse/,the_nurse,,,pending_review,
nurse,Q_Health_Social_Work,TheConfidentNurse,https://www.reddit.com/r/TheConfidentNurse/,TheConfidentNurse,,,pending_review,
nurse,Q_Health_Social_Work,thenursenextdoor2u,https://www.reddit.com/r/thenursenextdoor2u/,thenursenextdoor2u,,,pending_review,
nurse,Q_Health_Social_Work,TheNursePage,https://www.reddit.com/r/TheNursePage/,TheNursePage,,,pending_review,
nurse,Q_Health_Social_Work,thenurserynurse,https://www.reddit.com/r/thenurserynurse/,thenurserynurse,,,pending_review,
software engineer,J_Information_Communication,AIcodingProfessionals,https://www.reddit.com/r/AIcodingProfessionals/,AIcodingProfessionals,,,pending_review,
software engineer,J_Information_Communication,aiengineering,https://www.reddit.com/r/aiengineering/,aiengineering,,,pending_review,
software engineer,J_Information_Communication,AskComputerScience,https://www.reddit.com/r/AskComputerScience/,AskComputerScience,,,pending_review,
software engineer,J_Information_Communication,AskEngineers,https://www.reddit.com/r/AskEngineers/,AskEngineers,,,pending_review,
software engineer,J_Information_Communication,AskProgrammers,https://www.reddit.com/r/AskProgrammers/,AskProgrammers,,,pending_review,
software engineer,J_Information_Communication,AskProgramming,https://www.reddit.com/r/AskProgramming/,AskProgramming,,,pending_review,
software engineer,J_Information_Communication,Backend,https://www.reddit.com/r/Backend/,Backend,,,pending_review,
software engineer,J_Information_Communication,careerguidance,https://www.reddit.com/r/careerguidance/,careerguidance,,,pending_review,
software engineer,J_Information_Communication,coding,https://www.reddit.com/r/coding/,coding,,,pending_review,
software engineer,J_Information_Communication,CodingJobs,https://www.reddit.com/r/CodingJobs/,CodingJobs,,,pending_review,
software engineer,J_Information_Communication,compsci,https://www.reddit.com/r/compsci/,compsci,,,pending_review,
software engineer,J_Information_Communication,computerarchitecture,https://www.reddit.com/r/computerarchitecture/,computerarchitecture,,,pending_review,
software engineer,J_Information_Communication,ComputerEngineering,https://www.reddit.com/r/ComputerEngineering/,ComputerEngineering,,,pending_review,
software engineer,J_Information_Communication,computerscience,https://www.reddit.com/r/computerscience/,computerscience,,,pending_review,
software engineer,J_Information_Communication,computing,https://www.reddit.com/r/computing/,computing,,,pending_review,
software engineer,J_Information_Communication,cscareerquestions,https://www.reddit.com/r/cscareerquestions/,cscareerquestions,,,pending_review,
software engineer,J_Information_Communication,csinterns,https://www.reddit.com/r/csinterns/,csinterns,,,pending_review,
software engineer,J_Information_Communication,csMajors,https://www.reddit.com/r/csMajors/,csMajors,,,pending_review,
software engineer,J_Information_Communication,DataScienceJobs,https://www.reddit.com/r/DataScienceJobs/,DataScienceJobs,,,pending_review,
software engineer,J_Information_Communication,dev,https://www.reddit.com/r/dev/,dev,,,pending_review,
software engineer,J_Information_Communication,developer,https://www.reddit.com/r/developer/,developer,,,pending_review,
software engineer,J_Information_Communication,DeveloperJobs,https://www.reddit.com/r/DeveloperJobs/,DeveloperJobs,,,pending_review,
software engineer,J_Information_Communication,developers,https://www.reddit.com/r/developers/,developers,,,pending_review,
software engineer,J_Information_Communication,developersIndia,https://www.reddit.com/r/developersIndia/,developersIndia,,,pending_review,
software engineer,J_Information_Communication,Development,https://www.reddit.com/r/Development/,Development,,,pending_review,
software engineer,J_Information_Communication,devjobs,https://www.reddit.com/r/devjobs/,devjobs,,,pending_review,
software engineer,J_Information_Communication,engineering,https://www.reddit.com/r/engineering/,engineering,,,pending_review,
software engineer,J_Information_Communication,EngineeringManagers,https://www.reddit.com/r/EngineeringManagers/,EngineeringManagers,,,pending_review,
software engineer,J_Information_Communication,engineeringmemes,https://www.reddit.com/r/engineeringmemes/,engineeringmemes,,,pending_review,
software engineer,J_Information_Communication,EngineeringPorn,https://www.reddit.com/r/EngineeringPorn/,EngineeringPorn,,,pending_review,
software engineer,J_Information_Communication,EngineeringResumes,https://www.reddit.com/r/EngineeringResumes/,EngineeringResumes,,,pending_review,
software engineer,J_Information_Communication,EngineeringStudents,https://www.reddit.com/r/EngineeringStudents/,EngineeringStudents,,,pending_review,
software engineer,J_Information_Communication,Engineers,https://www.reddit.com/r/Engineers/,Engineers,,,pending_review,
software engineer,J_Information_Communication,ExperiencedDevs,https://www.reddit.com/r/ExperiencedDevs/,ExperiencedDevs,,,pending_review,
software engineer,J_Information_Communication,ITCareerQuestions,https://www.reddit.com/r/ITCareerQuestions/,ITCareerQuestions,,,pending_review,
software engineer,J_Information_Communication,ITManagers,https://www.reddit.com/r/ITManagers/,ITManagers,,,pending_review,
software engineer,J_Information_Communication,learnprogramming,https://www.reddit.com/r/learnprogramming/,learnprogramming,,,pending_review,
software engineer,J_Information_Communication,levelupengineers,https://www.reddit.com/r/levelupengineers/,levelupengineers,,,pending_review,
software engineer,J_Information_Communication,MechanicalEngineering,https://www.reddit.com/r/MechanicalEngineering/,MechanicalEngineering,,,pending_review,
software engineer,J_Information_Communication,newgrad,https://www.reddit.com/r/newgrad/,newgrad,,,pending_review,
software engineer,J_Information_Communication,programmer,https://www.reddit.com/r/programmer/,programmer,,,pending_review,
software engineer,J_Information_Communication,ProgrammerHumor,https://www.reddit.com/r/ProgrammerHumor/,ProgrammerHumor,,,pending_review,
software engineer,J_Information_Communication,Programmers_forhire,https://www.reddit.com/r/Programmers_forhire/,Programmers_forhire,,,pending_review,
software engineer,J_Information_Communication,programming,https://www.reddit.com/r/programming/,programming,,,pending_review,
software engineer,J_Information_Communication,ProgrammingBuddies,https://www.reddit.com/r/ProgrammingBuddies/,ProgrammingBuddies,,,pending_review,
software engineer,J_Information_Communication,ProgrammingJobs,https://www.reddit.com/r/ProgrammingJobs/,ProgrammingJobs,,,pending_review,
software engineer,J_Information_Communication,softwarearchitecture,https://www.reddit.com/r/softwarearchitecture/,softwarearchitecture,,,pending_review,
software engineer,J_Information_Communication,softwaredevelopment,https://www.reddit.com/r/softwaredevelopment/,softwaredevelopment,,,pending_review,
software engineer,J_Information_Communication,softwareengineer,https://www.reddit.com/r/softwareengineer/,softwareengineer,,,pending_review,
software engineer,J_Information_Communication,SoftwareEngineering,https://www.reddit.com/r/SoftwareEngineering/,SoftwareEngineering,,,pending_review,
software engineer,J_Information_Communication,softwareengineeringKE,https://www.reddit.com/r/softwareengineeringKE/,softwareengineeringKE,,,pending_review,
software engineer,J_Information_Communication,SoftwareEngineerJobs,https://www.reddit.com/r/SoftwareEngineerJobs/,SoftwareEngineerJobs,,,pending_review,
software engineer,J_Information_Communication,SoftwareEngineers,https://www.reddit.com/r/SoftwareEngineers/,SoftwareEngineers,,,pending_review,
software engineer,J_Information_Communication,softwarefactories,https://www.reddit.com/r/softwarefactories/,softwarefactories,,,pending_review,
software engineer,J_Information_Communication,systems_engineering,https://www.reddit.com/r/systems_engineering/,systems_engineering,,,pending_review,
software engineer,J_Information_Communication,techjobs,https://www.reddit.com/r/techjobs/,techjobs,,,pending_review,
software engineer,J_Information_Communication,webdev,https://www.reddit.com/r/webdev/,webdev,,,pending_review,
software engineer,J_Information_Communication,womenEngineers,https://www.reddit.com/r/womenEngineers/,womenEngineers,,,pending_review,
software engineer,J_Information_Communication,womenintech,https://www.reddit.com/r/womenintech/,womenintech,,,pending_review,
software engineer;accountant,J_Information_Communication,Salary,https://www.reddit.com/r/Salary/,Salary,,,pending_review,
