subreddit,has_ai_discussion,months_observed,active_ai_months,any_keyword_posts,chatgpt_posts,ai_posts,generative_ai_posts,first_ai_month,last_ai_month,first_chatgpt_month,first_generative_ai_month,peak_ai_month,peak_ai_posts,total_posts_period,ai_posts_per_1000_total_posts,failure_events,data_quality,candidate_sic_section_code,candidate_sic_section_name,candidate_keyword,candidate_query,candidate_preliminary_sic_section,candidate_subreddit_url,candidate_raw_text,candidate_source_url,candidate_search_rank,candidate_keyword_candidate_count,candidate_discovery_warning,candidate_keep,candidate_manual_sic_section,candidate_screening_status,candidate_notes,ai_rank_match_status,selected_sic_section_code,selected_sic_section_name,selection_rank_within_section,selection_score,selection_reason
forestry,,,,,,,,,,,,,,,,,not_scored_in_existing_ai_ranked_table,A,"Agriculture, forestry and fishing",forestry worker,forestry worker,A_Agriculture_forestry_and_fishing,https://www.reddit.com/r/forestry/,forestry,https://www.reddit.com/search/?q=forestry%20worker&type=communities,1,60,hit_visible_result_cap_possible,,,pending_review,,not_scored_in_existing_ai_ranked_table,A,"Agriculture, forestry and fishing",1,20149,search_rank=1; keyword_hits=1; single_section_candidate; warning=hit_visible_result_cap_possible
FishermanTales,,,,,,,,,,,,,,,,,not_scored_in_existing_ai_ranked_table,A,"Agriculture, forestry and fishing",fisherman,fisherman,A_Agriculture_forestry_and_fishing,https://www.reddit.com/r/FishermanTales/,FishermanTales,https://www.reddit.com/search/?q=fisherman&type=communities,1,60,hit_visible_result_cap_possible,,,pending_review,,not_scored_in_existing_ai_ranked_table,A,"Agriculture, forestry and fishing",2,20149,search_rank=1; keyword_hits=1; single_section_candidate; warning=hit_visible_result_cap_possible
Fisherman,,,,,,,,,,,,,,,,,not_scored_in_existing_ai_ranked_table,A,"Agriculture, forestry and fishing",fisherman,fisherman,A_Agriculture_forestry_and_fishing,https://www.reddit.com/r/Fisherman/,Fisherman,https://www.reddit.com/search/?q=fisherman&type=communities,2,60,hit_visible_result_cap_possible,,,pending_review,,not_scored_in_existing_ai_ranked_table,A,"Agriculture, forestry and fishing",3,20148,search_rank=2; keyword_hits=1; single_section_candidate; warning=hit_visible_result_cap_possible
arborists,,,,,,,,,,,,,,,,,not_scored_in_existing_ai_ranked_table,A,"Agriculture, forestry and fishing",forestry worker,forestry worker,A_Agriculture_forestry_and_fishing,https://www.reddit.com/r/arborists/,arborists,https://www.reddit.com/search/?q=forestry%20worker&type=communities,2,60,hit_visible_result_cap_possible,,,pending_review,,not_scored_in_existing_ai_ranked_table,A,"Agriculture, forestry and fishing",4,20148,search_rank=2; keyword_hits=1; single_section_candidate; warning=hit_visible_result_cap_possible
mining,,,,,,,,,,,,,,,,,not_scored_in_existing_ai_ranked_table,B,Mining and quarrying,miner,miner,B_Mining_and_quarrying,https://www.reddit.com/r/mining/,mining,https://www.reddit.com/search/?q=miner&type=communities,1,60,hit_visible_result_cap_possible,,,pending_review,,not_scored_in_existing_ai_ranked_table,B,Mining and quarrying,1,20149,search_rank=1; keyword_hits=1; single_section_candidate; warning=hit_visible_result_cap_possible
miner,,,,,,,,,,,,,,,,,not_scored_in_existing_ai_ranked_table,B,Mining and quarrying,miner,miner,B_Mining_and_quarrying,https://www.reddit.com/r/miner/,miner,https://www.reddit.com/search/?q=miner&type=communities,2,60,hit_visible_result_cap_possible,,,pending_review,,not_scored_in_existing_ai_ranked_table,B,Mining and quarrying,2,20148,search_rank=2; keyword_hits=1; single_section_candidate; warning=hit_visible_result_cap_possible
MiningRig,,,,,,,,,,,,,,,,,not_scored_in_existing_ai_ranked_table,B,Mining and quarrying,miner,miner,B_Mining_and_quarrying,https://www.reddit.com/r/MiningRig/,MiningRig,https://www.reddit.com/search/?q=miner&type=communities,3,60,hit_visible_result_cap_possible,,,pending_review,,not_scored_in_existing_ai_ranked_table,B,Mining and quarrying,3,20147,search_rank=3; keyword_hits=1; single_section_candidate; warning=hit_visible_result_cap_possible
TotalMiner,,,,,,,,,,,,,,,,,not_scored_in_existing_ai_ranked_table,B,Mining and quarrying,miner,miner,B_Mining_and_quarrying,https://www.reddit.com/r/TotalMiner/,TotalMiner,https://www.reddit.com/search/?q=miner&type=communities,4,60,hit_visible_result_cap_possible,,,pending_review,,not_scored_in_existing_ai_ranked_table,B,Mining and quarrying,4,20146,search_rank=4; keyword_hits=1; single_section_candidate; warning=hit_visible_result_cap_possible
ManufacturingPorn,,,,,,,,,,,,,,,,,not_scored_in_existing_ai_ranked_table,C,Manufacturing,factory worker;manufacturing engineer,factory worker;manufacturing engineer,C_Manufacturing,https://www.reddit.com/r/ManufacturingPorn/,ManufacturingPorn,https://www.reddit.com/search/?q=factory%20worker&type=communities || https://www.reddit.com/search/?q=manufacturing%20engineer&type=communities,2;10,60,hit_visible_result_cap_possible,,,pending_review,,not_scored_in_existing_ai_ranked_table,C,Manufacturing,1,20198,search_rank=2; keyword_hits=2; single_section_candidate; warning=hit_visible_result_cap_possible
machinesinaction,,,,,,,,,,,,,,,,,not_scored_in_existing_ai_ranked_table,C,Manufacturing,factory worker;machinist,factory worker;machinist,C_Manufacturing,https://www.reddit.com/r/machinesinaction/,machinesinaction,https://www.reddit.com/search/?q=factory%20worker&type=communities || https://www.reddit.com/search/?q=machinist&type=communities,4;29,60,hit_visible_result_cap_possible,,,pending_review,,not_scored_in_existing_ai_ranked_table,C,Manufacturing,2,20196,search_rank=4; keyword_hits=2; single_section_candidate; warning=hit_visible_result_cap_possible
MachinePorn,,,,,,,,,,,,,,,,,not_scored_in_existing_ai_ranked_table,C,Manufacturing,factory worker;machinist,factory worker;machinist,C_Manufacturing,https://www.reddit.com/r/MachinePorn/,MachinePorn,https://www.reddit.com/search/?q=factory%20worker&type=communities || https://www.reddit.com/search/?q=machinist&type=communities,6;27,60,hit_visible_result_cap_possible,,,pending_review,,not_scored_in_existing_ai_ranked_table,C,Manufacturing,3,20194,search_rank=6; keyword_hits=2; single_section_candidate; warning=hit_visible_result_cap_possible
metalworking,,,,,,,,,,,,,,,,,not_scored_in_existing_ai_ranked_table,C,Manufacturing,factory worker;machinist,factory worker;machinist,C_Manufacturing,https://www.reddit.com/r/metalworking/,metalworking,https://www.reddit.com/search/?q=factory%20worker&type=communities || https://www.reddit.com/search/?q=machinist&type=communities,15;8,60,hit_visible_result_cap_possible,,,pending_review,,not_scored_in_existing_ai_ranked_table,C,Manufacturing,4,20192,search_rank=8; keyword_hits=2; single_section_candidate; warning=hit_visible_result_cap_possible
electricians,,,,,,,,,,,,,,,,,not_scored_in_existing_ai_ranked_table,D,"Electricity, gas, steam and air conditioning supply",electrician;HVAC engineer,electrician;HVAC engineer,D_Electricity_gas_steam_and_air_conditioning_supply,https://www.reddit.com/r/electricians/,electricians,https://www.reddit.com/search/?q=electrician&type=communities || https://www.reddit.com/search/?q=HVAC%20engineer&type=communities,1;13,60,hit_visible_result_cap_possible,,,pending_review,,not_scored_in_existing_ai_ranked_table,D,"Electricity, gas, steam and air conditioning supply",1,20199,search_rank=1; keyword_hits=2; single_section_candidate; warning=hit_visible_result_cap_possible
AskElectricians,,,,,,,,,,,,,,,,,not_scored_in_existing_ai_ranked_table,D,"Electricity, gas, steam and air conditioning supply",electrician;HVAC engineer,electrician;HVAC engineer,D_Electricity_gas_steam_and_air_conditioning_supply,https://www.reddit.com/r/AskElectricians/,AskElectricians,https://www.reddit.com/search/?q=electrician&type=communities || https://www.reddit.com/search/?q=HVAC%20engineer&type=communities,4;12,60,hit_visible_result_cap_possible,,,pending_review,,not_scored_in_existing_ai_ranked_table,D,"Electricity, gas, steam and air conditioning supply",2,20196,search_rank=4; keyword_hits=2; single_section_candidate; warning=hit_visible_result_cap_possible
ukelectricians,,,,,,,,,,,,,,,,,not_scored_in_existing_ai_ranked_table,D,"Electricity, gas, steam and air conditioning supply",electrician;HVAC engineer,electrician;HVAC engineer,D_Electricity_gas_steam_and_air_conditioning_supply,https://www.reddit.com/r/ukelectricians/,ukelectricians,https://www.reddit.com/search/?q=electrician&type=communities || https://www.reddit.com/search/?q=HVAC%20engineer&type=communities,20;33,60,hit_visible_result_cap_possible,,,pending_review,,not_scored_in_existing_ai_ranked_table,D,"Electricity, gas, steam and air conditioning supply",3,20180,search_rank=20; keyword_hits=2; single_section_candidate; warning=hit_visible_result_cap_possible
ElectricalHelp,,,,,,,,,,,,,,,,,not_scored_in_existing_ai_ranked_table,D,"Electricity, gas, steam and air conditioning supply",electrician;HVAC engineer,electrician;HVAC engineer,D_Electricity_gas_steam_and_air_conditioning_supply,https://www.reddit.com/r/ElectricalHelp/,ElectricalHelp,https://www.reddit.com/search/?q=electrician&type=communities || https://www.reddit.com/search/?q=HVAC%20engineer&type=communities,27;22,60,hit_visible_result_cap_possible,,,pending_review,,not_scored_in_existing_ai_ranked_table,D,"Electricity, gas, steam and air conditioning supply",4,20178,search_rank=22; keyword_hits=2; single_section_candidate; warning=hit_visible_result_cap_possible
Wastewater,,,,,,,,,,,,,,,,,not_scored_in_existing_ai_ranked_table,E,"Water supply; sewerage, waste management and remediation activities",water treatment operator;waste management worker;environmental engineer,water treatment operator;waste management worker;environmental engineer,E_Water_supply_sewerage_waste_management_and_remediation_activities,https://www.reddit.com/r/Wastewater/,Wastewater,https://www.reddit.com/search/?q=water%20treatment%20operator&type=communities || https://www.reddit.com/search/?q=waste%20management%20worker&type=communities || https://www.reddit.com/search/?q=environmental%20engineer&type=communities,1;34;32,60,hit_visible_result_cap_possible,,,pending_review,,not_scored_in_existing_ai_ranked_table,E,Water supply,1,20249,search_rank=1; keyword_hits=3; single_section_candidate; warning=hit_visible_result_cap_possible
industrialhygiene,,,,,,,,,,,,,,,,,not_scored_in_existing_ai_ranked_table,E,"Water supply; sewerage, waste management and remediation activities",water treatment operator;environmental engineer,water treatment operator;environmental engineer,E_Water_supply_sewerage_waste_management_and_remediation_activities,https://www.reddit.com/r/industrialhygiene/,industrialhygiene,https://www.reddit.com/search/?q=water%20treatment%20operator&type=communities || https://www.reddit.com/search/?q=environmental%20engineer&type=communities,13;60,60,hit_visible_result_cap_possible,,,pending_review,,not_scored_in_existing_ai_ranked_table,E,Water supply,2,20187,search_rank=13; keyword_hits=2; single_section_candidate; warning=hit_visible_result_cap_possible
industrialwater,,,,,,,,,,,,,,,,,not_scored_in_existing_ai_ranked_table,E,"Water supply; sewerage, waste management and remediation activities",water treatment operator,water treatment operator,E_Water_supply_sewerage_waste_management_and_remediation_activities,https://www.reddit.com/r/industrialwater/,industrialwater,https://www.reddit.com/search/?q=water%20treatment%20operator&type=communities,2,60,hit_visible_result_cap_possible,,,pending_review,,not_scored_in_existing_ai_ranked_table,E,Water supply,3,20148,search_rank=2; keyword_hits=1; single_section_candidate; warning=hit_visible_result_cap_possible
Cleaningandtidying,,,,,,,,,,,,,,,,,not_scored_in_existing_ai_ranked_table,E,"Water supply; sewerage, waste management and remediation activities",water treatment operator;waste management worker,water treatment operator;waste management worker,E_Water_supply_sewerage_waste_management_and_remediation_activities,https://www.reddit.com/r/Cleaningandtidying/,Cleaningandtidying,https://www.reddit.com/search/?q=water%20treatment%20operator&type=communities || https://www.reddit.com/search/?q=waste%20management%20worker&type=communities,60;52,60,hit_visible_result_cap_possible,,,pending_review,,not_scored_in_existing_ai_ranked_table,E,Water supply,4,20148,search_rank=52; keyword_hits=2; single_section_candidate; warning=hit_visible_result_cap_possible
degreeapprenticeships,,,,,,,,,,,,,,,,,not_scored_in_existing_ai_ranked_table,F,Construction,civil engineer;quantity surveyor,civil engineer;quantity surveyor,F_Construction,https://www.reddit.com/r/degreeapprenticeships/,degreeapprenticeships,https://www.reddit.com/search/?q=civil%20engineer&type=communities || https://www.reddit.com/search/?q=quantity%20surveyor&type=communities,51;22,60,hit_visible_result_cap_possible,,,pending_review,,not_scored_in_existing_ai_ranked_table,F,"sewerage, waste management and remediation activities",1,20178,search_rank=22; keyword_hits=2; single_section_candidate; warning=hit_visible_result_cap_possible
GeneralContractor,,,,,,,,,,,,,,,,,not_scored_in_existing_ai_ranked_table,F,Construction,civil engineer;quantity surveyor,civil engineer;quantity surveyor,F_Construction,https://www.reddit.com/r/GeneralContractor/,GeneralContractor,https://www.reddit.com/search/?q=civil%20engineer&type=communities || https://www.reddit.com/search/?q=quantity%20surveyor&type=communities,38;30,60,hit_visible_result_cap_possible,,,pending_review,,not_scored_in_existing_ai_ranked_table,F,"sewerage, waste management and remediation activities",2,20170,search_rank=30; keyword_hits=2; single_section_candidate; warning=hit_visible_result_cap_possible
Surveying,,,,,,,,,,,,,,,,,not_scored_in_existing_ai_ranked_table,F,Construction,quantity surveyor,quantity surveyor,F_Construction,https://www.reddit.com/r/Surveying/,Surveying,https://www.reddit.com/search/?q=quantity%20surveyor&type=communities,2,60,hit_visible_result_cap_possible,,,pending_review,,not_scored_in_existing_ai_ranked_table,F,"sewerage, waste management and remediation activities",3,20148,search_rank=2; keyword_hits=1; single_section_candidate; warning=hit_visible_result_cap_possible
civilengineers,,,,,,,,,,,,,,,,,not_scored_in_existing_ai_ranked_table,F,Construction,civil engineer,civil engineer,F_Construction,https://www.reddit.com/r/civilengineers/,civilengineers,https://www.reddit.com/search/?q=civil%20engineer&type=communities,2,60,hit_visible_result_cap_possible,,,pending_review,,not_scored_in_existing_ai_ranked_table,F,"sewerage, waste management and remediation activities",4,20148,search_rank=2; keyword_hits=1; single_section_candidate; warning=hit_visible_result_cap_possible
salesassistant,,,,,,,,,,,,,,,,,not_scored_in_existing_ai_ranked_table,G,Wholesale and retail trade; repair of motor vehicles and motorcycles,sales assistant,sales assistant,G_Wholesale_and_retail_trade_repair_of_motor_vehicles_and_motorcycles,https://www.reddit.com/r/salesassistant/,salesassistant,https://www.reddit.com/search/?q=sales%20assistant&type=communities,2,60,hit_visible_result_cap_possible,,,pending_review,,not_scored_in_existing_ai_ranked_table,G,Wholesale and retail trade,1,20148,search_rank=2; keyword_hits=1; single_section_candidate; warning=hit_visible_result_cap_possible
Sales_Professionals,,,,,,,,,,,,,,,,,not_scored_in_existing_ai_ranked_table,G,Wholesale and retail trade; repair of motor vehicles and motorcycles,sales assistant,sales assistant,G_Wholesale_and_retail_trade_repair_of_motor_vehicles_and_motorcycles,https://www.reddit.com/r/Sales_Professionals/,Sales_Professionals,https://www.reddit.com/search/?q=sales%20assistant&type=communities,3,60,hit_visible_result_cap_possible,,,pending_review,,not_scored_in_existing_ai_ranked_table,G,Wholesale and retail trade,2,20147,search_rank=3; keyword_hits=1; single_section_candidate; warning=hit_visible_result_cap_possible
techsales,,,,,,,,,,,,,,,,,not_scored_in_existing_ai_ranked_table,G,Wholesale and retail trade; repair of motor vehicles and motorcycles,sales assistant,sales assistant,G_Wholesale_and_retail_trade_repair_of_motor_vehicles_and_motorcycles,https://www.reddit.com/r/techsales/,techsales,https://www.reddit.com/search/?q=sales%20assistant&type=communities,5,60,hit_visible_result_cap_possible,,,pending_review,,not_scored_in_existing_ai_ranked_table,G,Wholesale and retail trade,3,20145,search_rank=5; keyword_hits=1; single_section_candidate; warning=hit_visible_result_cap_possible
peopleofwalmart,,,,,,,,,,,,,,,,,not_scored_in_existing_ai_ranked_table,G,Wholesale and retail trade; repair of motor vehicles and motorcycles,retail worker,retail worker,G_Wholesale_and_retail_trade_repair_of_motor_vehicles_and_motorcycles,https://www.reddit.com/r/peopleofwalmart/,peopleofwalmart,https://www.reddit.com/search/?q=retail%20worker&type=communities,5,60,hit_visible_result_cap_possible,,,pending_review,,not_scored_in_existing_ai_ranked_table,G,Wholesale and retail trade,4,20145,search_rank=5; keyword_hits=1; single_section_candidate; warning=hit_visible_result_cap_possible
TrainDriver,,,,,,,,,,,,,,,,,not_scored_in_existing_ai_ranked_table,H,Transportation and storage,train driver,train driver,H_Transportation_and_storage,https://www.reddit.com/r/TrainDriver/,TrainDriver,https://www.reddit.com/search/?q=train%20driver&type=communities,1,60,hit_visible_result_cap_possible,,,pending_review,,not_scored_in_existing_ai_ranked_table,H,Transportation and storage,1,20149,search_rank=1; keyword_hits=1; single_section_candidate; warning=hit_visible_result_cap_possible
traindriversview,,,,,,,,,,,,,,,,,not_scored_in_existing_ai_ranked_table,H,Transportation and storage,train driver,train driver,H_Transportation_and_storage,https://www.reddit.com/r/traindriversview/,traindriversview,https://www.reddit.com/search/?q=train%20driver&type=communities,2,60,hit_visible_result_cap_possible,,,pending_review,,not_scored_in_existing_ai_ranked_table,H,Transportation and storage,2,20148,search_rank=2; keyword_hits=1; single_section_candidate; warning=hit_visible_result_cap_possible
Train_Service,,,,,,,,,,,,,,,,,not_scored_in_existing_ai_ranked_table,H,Transportation and storage,train driver,train driver,H_Transportation_and_storage,https://www.reddit.com/r/Train_Service/,Train_Service,https://www.reddit.com/search/?q=train%20driver&type=communities,3,60,hit_visible_result_cap_possible,,,pending_review,,not_scored_in_existing_ai_ranked_table,H,Transportation and storage,3,20147,search_rank=3; keyword_hits=1; single_section_candidate; warning=hit_visible_result_cap_possible
TrainPorn,,,,,,,,,,,,,,,,,not_scored_in_existing_ai_ranked_table,H,Transportation and storage,train driver,train driver,H_Transportation_and_storage,https://www.reddit.com/r/TrainPorn/,TrainPorn,https://www.reddit.com/search/?q=train%20driver&type=communities,4,60,hit_visible_result_cap_possible,,,pending_review,,not_scored_in_existing_ai_ranked_table,H,Transportation and storage,4,20146,search_rank=4; keyword_hits=1; single_section_candidate; warning=hit_visible_result_cap_possible
hotels,,,,,,,,,,,,,,,,,not_scored_in_existing_ai_ranked_table,I,Accommodation and food service activities,hotel manager,hotel manager,I_Accommodation_and_food_service_activities,https://www.reddit.com/r/hotels/,hotels,https://www.reddit.com/search/?q=hotel%20manager&type=communities,3,60,hit_visible_result_cap_possible,,,pending_review,,not_scored_in_existing_ai_ranked_table,I,Wholesale and retail trade,1,20147,search_rank=3; keyword_hits=1; single_section_candidate; warning=hit_visible_result_cap_possible
Chef_Life,,,,,,,,,,,,,,,,,not_scored_in_existing_ai_ranked_table,I,Accommodation and food service activities,chef,chef,I_Accommodation_and_food_service_activities,https://www.reddit.com/r/Chef_Life/,Chef_Life,https://www.reddit.com/search/?q=chef&type=communities,5,60,hit_visible_result_cap_possible,,,pending_review,,not_scored_in_existing_ai_ranked_table,I,Wholesale and retail trade,2,20145,search_rank=5; keyword_hits=1; single_section_candidate; warning=hit_visible_result_cap_possible
hotelsales,,,,,,,,,,,,,,,,,not_scored_in_existing_ai_ranked_table,I,Accommodation and food service activities,hotel manager,hotel manager,I_Accommodation_and_food_service_activities,https://www.reddit.com/r/hotelsales/,hotelsales,https://www.reddit.com/search/?q=hotel%20manager&type=communities,6,60,hit_visible_result_cap_possible,,,pending_review,,not_scored_in_existing_ai_ranked_table,I,Wholesale and retail trade,3,20144,search_rank=6; keyword_hits=1; single_section_candidate; warning=hit_visible_result_cap_possible
flightattendants,,,,,,,,,,,,,,,,,not_scored_in_existing_ai_ranked_table,I,Accommodation and food service activities,hotel manager,hotel manager,I_Accommodation_and_food_service_activities,https://www.reddit.com/r/flightattendants/,flightattendants,https://www.reddit.com/search/?q=hotel%20manager&type=communities,8,60,hit_visible_result_cap_possible,,,pending_review,,not_scored_in_existing_ai_ranked_table,I,Wholesale and retail trade,4,20142,search_rank=8; keyword_hits=1; single_section_candidate; warning=hit_visible_result_cap_possible
DataScienceJobs,,,,,,,,,,,,,,,,,not_scored_in_existing_ai_ranked_table,J,Information and communication,software engineer;data analyst,software engineer;data analyst,J_Information_and_communication,https://www.reddit.com/r/DataScienceJobs/,DataScienceJobs,https://www.reddit.com/search/?q=software%20engineer&type=communities || https://www.reddit.com/search/?q=data%20analyst&type=communities,57;12,60,hit_visible_result_cap_possible,,,pending_review,,not_scored_in_existing_ai_ranked_table,J,Construction,1,20188,search_rank=12; keyword_hits=2; single_section_candidate; warning=hit_visible_result_cap_possible
techjobs,,,,,,,,,,,,,,,,,not_scored_in_existing_ai_ranked_table,J,Information and communication,software engineer;data analyst,software engineer;data analyst,J_Information_and_communication,https://www.reddit.com/r/techjobs/,techjobs,https://www.reddit.com/search/?q=software%20engineer&type=communities || https://www.reddit.com/search/?q=data%20analyst&type=communities,24;42,60,hit_visible_result_cap_possible,,,pending_review,,not_scored_in_existing_ai_ranked_table,J,Construction,2,20176,search_rank=24; keyword_hits=2; single_section_candidate; warning=hit_visible_result_cap_possible
developersIndia,,,,,,,,,,,,,,,,,not_scored_in_existing_ai_ranked_table,J,Information and communication,software engineer;data analyst,software engineer;data analyst,J_Information_and_communication,https://www.reddit.com/r/developersIndia/,developersIndia,https://www.reddit.com/search/?q=software%20engineer&type=communities || https://www.reddit.com/search/?q=data%20analyst&type=communities,26;49,60,hit_visible_result_cap_possible,,,pending_review,,not_scored_in_existing_ai_ranked_table,J,Construction,3,20174,search_rank=26; keyword_hits=2; single_section_candidate; warning=hit_visible_result_cap_possible
ITProfessionals,,,,,,,,,,,,,,,,,not_scored_in_existing_ai_ranked_table,J,Information and communication,data analyst;IT support,data analyst;IT support,J_Information_and_communication,https://www.reddit.com/r/ITProfessionals/,ITProfessionals,https://www.reddit.com/search/?q=data%20analyst&type=communities || https://www.reddit.com/search/?q=IT%20support&type=communities,45;27,60,hit_visible_result_cap_possible,,,pending_review,,not_scored_in_existing_ai_ranked_table,J,Construction,4,20173,search_rank=27; keyword_hits=2; single_section_candidate; warning=hit_visible_result_cap_possible
Accounting,1,35,35,3475,579,3070,30,2023-03,2026-01,2023-03,2023-03,2025-07,205,161474,21.5205,0,complete,K,Financial and insurance activities,banker,banker,K_Financial_and_insurance_activities,https://www.reddit.com/r/Accounting/,Accounting,https://www.reddit.com/search/?q=banker&type=communities,32,60,hit_visible_result_cap_possible,,,pending_review,,matched_existing_ai_ranked_table,K,Financial and insurance activities,1,38618,search_rank=32; keyword_hits=1; single_section_candidate; matched_existing_ai_ranked_table; existing_active_ai_months=35; warning=hit_visible_result_cap_possible
auditing,1,35,16,34,2,33,0,2023-10,2026-01,2024-09,,2025-09,6,,,0,complete_counts_no_total,K,Financial and insurance activities,insurance broker,insurance broker,K_Financial_and_insurance_activities,https://www.reddit.com/r/auditing/,auditing,https://www.reddit.com/search/?q=insurance%20broker&type=communities,21,59,,,,pending_review,,matched_existing_ai_ranked_table,K,Financial and insurance activities,2,36729,search_rank=21; keyword_hits=1; single_section_candidate; matched_existing_ai_ranked_table; existing_active_ai_months=16
Banking,,,,,,,,,,,,,,,,,not_scored_in_existing_ai_ranked_table,K,Financial and insurance activities,banker;insurance broker,banker;insurance broker,K_Financial_and_insurance_activities,https://www.reddit.com/r/Banking/,Banking,https://www.reddit.com/search/?q=banker&type=communities || https://www.reddit.com/search/?q=insurance%20broker&type=communities,4;56,60;59,hit_visible_result_cap_possible,,,pending_review,,not_scored_in_existing_ai_ranked_table,K,Financial and insurance activities,3,20196,search_rank=4; keyword_hits=2; single_section_candidate; warning=hit_visible_result_cap_possible
finance,,,,,,,,,,,,,,,,,not_scored_in_existing_ai_ranked_table,K,Financial and insurance activities,banker;insurance broker,banker;insurance broker,K_Financial_and_insurance_activities,https://www.reddit.com/r/finance/,finance,https://www.reddit.com/search/?q=banker&type=communities || https://www.reddit.com/search/?q=insurance%20broker&type=communities,7;15,60;59,hit_visible_result_cap_possible,,,pending_review,,not_scored_in_existing_ai_ranked_table,K,Financial and insurance activities,4,20193,search_rank=7; keyword_hits=2; single_section_candidate; warning=hit_visible_result_cap_possible
BecomeRealEstateAgent,,,,,,,,,,,,,,,,,not_scored_in_existing_ai_ranked_table,L,Real estate activities,estate agent,estate agent,L_Real_estate_activities,https://www.reddit.com/r/BecomeRealEstateAgent/,BecomeRealEstateAgent,https://www.reddit.com/search/?q=estate%20agent&type=communities,2,60,hit_visible_result_cap_possible,,,pending_review,,not_scored_in_existing_ai_ranked_table,L,Accommodation and food service activities,1,20148,search_rank=2; keyword_hits=1; single_section_candidate; warning=hit_visible_result_cap_possible
AskRealEstateAgents,,,,,,,,,,,,,,,,,not_scored_in_existing_ai_ranked_table,L,Real estate activities,estate agent,estate agent,L_Real_estate_activities,https://www.reddit.com/r/AskRealEstateAgents/,AskRealEstateAgents,https://www.reddit.com/search/?q=estate%20agent&type=communities,4,60,hit_visible_result_cap_possible,,,pending_review,,not_scored_in_existing_ai_ranked_table,L,Accommodation and food service activities,2,20146,search_rank=4; keyword_hits=1; single_section_candidate; warning=hit_visible_result_cap_possible
RealEstateAgentTips,,,,,,,,,,,,,,,,,not_scored_in_existing_ai_ranked_table,L,Real estate activities,estate agent,estate agent,L_Real_estate_activities,https://www.reddit.com/r/RealEstateAgentTips/,RealEstateAgentTips,https://www.reddit.com/search/?q=estate%20agent&type=communities,6,60,hit_visible_result_cap_possible,,,pending_review,,not_scored_in_existing_ai_ranked_table,L,Accommodation and food service activities,3,20144,search_rank=6; keyword_hits=1; single_section_candidate; warning=hit_visible_result_cap_possible
EstateAgentsGuide,,,,,,,,,,,,,,,,,not_scored_in_existing_ai_ranked_table,L,Real estate activities,estate agent,estate agent,L_Real_estate_activities,https://www.reddit.com/r/EstateAgentsGuide/,EstateAgentsGuide,https://www.reddit.com/search/?q=estate%20agent&type=communities,7,60,hit_visible_result_cap_possible,,,pending_review,,not_scored_in_existing_ai_ranked_table,L,Accommodation and food service activities,4,20143,search_rank=7; keyword_hits=1; single_section_candidate; warning=hit_visible_result_cap_possible
legaladviceofftopic,1,35,35,484,87,425,9,2023-03,2026-01,2023-03,2023-07,2025-07,34,40534,11.9406,0,complete,M,"Professional, scientific and technical activities",lawyer,lawyer,M_Professional_scientific_and_technical_activities,https://www.reddit.com/r/legaladviceofftopic/,legaladviceofftopic,https://www.reddit.com/search/?q=lawyer&type=communities,15,59,,,,pending_review,,matched_existing_ai_ranked_table,M,Financial and insurance activities,1,38635,search_rank=15; keyword_hits=1; single_section_candidate; matched_existing_ai_ranked_table; existing_active_ai_months=35
legal,1,35,35,541,121,451,12,2023-03,2026-01,2023-03,2023-04,2026-01,41,61026,8.8651,0,complete,M,"Professional, scientific and technical activities",lawyer,lawyer,M_Professional_scientific_and_technical_activities,https://www.reddit.com/r/legal/,legal,https://www.reddit.com/search/?q=lawyer&type=communities,27,59,,,,pending_review,,matched_existing_ai_ranked_table,M,Financial and insurance activities,2,38623,search_rank=27; keyword_hits=1; single_section_candidate; matched_existing_ai_ranked_table; existing_active_ai_months=35
Ask_Lawyers,1,35,34,478,83,431,17,2023-03,2026-01,2023-03,2023-05,2025-05,31,27987,17.0794,0,complete,M,"Professional, scientific and technical activities",lawyer,lawyer,M_Professional_scientific_and_technical_activities,https://www.reddit.com/r/Ask_Lawyers/,Ask_Lawyers,https://www.reddit.com/search/?q=lawyer&type=communities,2,59,,,,pending_review,,matched_existing_ai_ranked_table,M,Financial and insurance activities,3,38548,search_rank=2; keyword_hits=1; single_section_candidate; matched_existing_ai_ranked_table; existing_active_ai_months=34
paralegal,1,35,34,349,57,313,1,2023-03,2026-01,2023-03,2023-10,2026-01,33,18057,19.3277,0,complete,M,"Professional, scientific and technical activities",lawyer,lawyer,M_Professional_scientific_and_technical_activities,https://www.reddit.com/r/paralegal/,paralegal,https://www.reddit.com/search/?q=lawyer&type=communities,20,59,,,,pending_review,,matched_existing_ai_ranked_table,M,Financial and insurance activities,4,38530,search_rank=20; keyword_hits=1; single_section_candidate; matched_existing_ai_ranked_table; existing_active_ai_months=34
Recruitment,,,,,,,,,,,,,,,,,not_scored_in_existing_ai_ranked_table,N,Administrative and support service activities,recruiter,recruiter,N_Administrative_and_support_service_activities,https://www.reddit.com/r/Recruitment/,Recruitment,https://www.reddit.com/search/?q=recruiter&type=communities,2,60,hit_visible_result_cap_possible,,,pending_review,,not_scored_in_existing_ai_ranked_table,N,repair of motor vehicles and motorcycles,1,20148,search_rank=2; keyword_hits=1; single_section_candidate; warning=hit_visible_result_cap_possible
securityguardscj,,,,,,,,,,,,,,,,,not_scored_in_existing_ai_ranked_table,N,Administrative and support service activities,security guard,security guard,N_Administrative_and_support_service_activities,https://www.reddit.com/r/securityguardscj/,securityguardscj,https://www.reddit.com/search/?q=security%20guard&type=communities,3,60,hit_visible_result_cap_possible,,,pending_review,,not_scored_in_existing_ai_ranked_table,N,repair of motor vehicles and motorcycles,2,20147,search_rank=3; keyword_hits=1; single_section_candidate; warning=hit_visible_result_cap_possible
securityguard,,,,,,,,,,,,,,,,,not_scored_in_existing_ai_ranked_table,N,Administrative and support service activities,security guard,security guard,N_Administrative_and_support_service_activities,https://www.reddit.com/r/securityguard/,securityguard,https://www.reddit.com/search/?q=security%20guard&type=communities,4,60,hit_visible_result_cap_possible,,,pending_review,,not_scored_in_existing_ai_ranked_table,N,repair of motor vehicles and motorcycles,3,20146,search_rank=4; keyword_hits=1; single_section_candidate; warning=hit_visible_result_cap_possible
RecruitmentAgencies,,,,,,,,,,,,,,,,,not_scored_in_existing_ai_ranked_table,N,Administrative and support service activities,recruiter,recruiter,N_Administrative_and_support_service_activities,https://www.reddit.com/r/RecruitmentAgencies/,RecruitmentAgencies,https://www.reddit.com/search/?q=recruiter&type=communities,4,60,hit_visible_result_cap_possible,,,pending_review,,not_scored_in_existing_ai_ranked_table,N,repair of motor vehicles and motorcycles,4,20146,search_rank=4; keyword_hits=1; single_section_candidate; warning=hit_visible_result_cap_possible
FirstResponder,,,,,,,,,,,,,,,,,not_scored_in_existing_ai_ranked_table,O,Public administration and defence; compulsory social security,police officer;firefighter,police officer;firefighter,O_Public_administration_and_defence_compulsory_social_security,https://www.reddit.com/r/FirstResponder/,FirstResponder,https://www.reddit.com/search/?q=police%20officer&type=communities || https://www.reddit.com/search/?q=firefighter&type=communities,45;24,60,hit_visible_result_cap_possible,,,pending_review,,not_scored_in_existing_ai_ranked_table,O,Public administration and defence,1,20176,search_rank=24; keyword_hits=2; single_section_candidate; warning=hit_visible_result_cap_possible
WTF,,,,,,,,,,,,,,,,,not_scored_in_existing_ai_ranked_table,O,Public administration and defence; compulsory social security,police officer;firefighter,police officer;firefighter,O_Public_administration_and_defence_compulsory_social_security,https://www.reddit.com/r/WTF/,WTF,https://www.reddit.com/search/?q=police%20officer&type=communities || https://www.reddit.com/search/?q=firefighter&type=communities,54;48,60,hit_visible_result_cap_possible,,,pending_review,,not_scored_in_existing_ai_ranked_table,O,Public administration and defence,2,20152,search_rank=48; keyword_hits=2; single_section_candidate; warning=hit_visible_result_cap_possible
Firefighting,,,,,,,,,,,,,,,,,not_scored_in_existing_ai_ranked_table,O,Public administration and defence; compulsory social security,firefighter,firefighter,O_Public_administration_and_defence_compulsory_social_security,https://www.reddit.com/r/Firefighting/,Firefighting,https://www.reddit.com/search/?q=firefighter&type=communities,2,60,hit_visible_result_cap_possible,,,pending_review,,not_scored_in_existing_ai_ranked_table,O,Public administration and defence,3,20148,search_rank=2; keyword_hits=1; single_section_candidate; warning=hit_visible_result_cap_possible
civilservice,,,,,,,,,,,,,,,,,not_scored_in_existing_ai_ranked_table,O,Public administration and defence; compulsory social security,civil servant,civil servant,O_Public_administration_and_defence_compulsory_social_security,https://www.reddit.com/r/civilservice/,civilservice,https://www.reddit.com/search/?q=civil%20servant&type=communities,2,60,hit_visible_result_cap_possible,,,pending_review,,not_scored_in_existing_ai_ranked_table,O,Public administration and defence,4,20148,search_rank=2; keyword_hits=1; single_section_candidate; warning=hit_visible_result_cap_possible
TutorsHelpingTutors,,,,,,,,,,,,,,,,,not_scored_in_existing_ai_ranked_table,P,Education,lecturer;teaching assistant,lecturer;teaching assistant,P_Education,https://www.reddit.com/r/TutorsHelpingTutors/,TutorsHelpingTutors,https://www.reddit.com/search/?q=lecturer&type=communities || https://www.reddit.com/search/?q=teaching%20assistant&type=communities,1;4,50;60,hit_visible_result_cap_possible,,,pending_review,,not_scored_in_existing_ai_ranked_table,P,Information and communication,1,20199,search_rank=1; keyword_hits=2; single_section_candidate; warning=hit_visible_result_cap_possible
Professors,,,,,,,,,,,,,,,,,not_scored_in_existing_ai_ranked_table,P,Education,lecturer;teaching assistant,lecturer;teaching assistant,P_Education,https://www.reddit.com/r/Professors/,Professors,https://www.reddit.com/search/?q=lecturer&type=communities || https://www.reddit.com/search/?q=teaching%20assistant&type=communities,2;57,50;60,hit_visible_result_cap_possible,,,pending_review,,not_scored_in_existing_ai_ranked_table,P,Information and communication,2,20198,search_rank=2; keyword_hits=2; single_section_candidate; warning=hit_visible_result_cap_possible
Tutoring,,,,,,,,,,,,,,,,,not_scored_in_existing_ai_ranked_table,P,Education,lecturer;teaching assistant,lecturer;teaching assistant,P_Education,https://www.reddit.com/r/Tutoring/,Tutoring,https://www.reddit.com/search/?q=lecturer&type=communities || https://www.reddit.com/search/?q=teaching%20assistant&type=communities,3;6,50;60,hit_visible_result_cap_possible,,,pending_review,,not_scored_in_existing_ai_ranked_table,P,Information and communication,3,20197,search_rank=3; keyword_hits=2; single_section_candidate; warning=hit_visible_result_cap_possible
studentjobs,,,,,,,,,,,,,,,,,not_scored_in_existing_ai_ranked_table,P,Education,lecturer;teaching assistant,lecturer;teaching assistant,P_Education,https://www.reddit.com/r/studentjobs/,studentjobs,https://www.reddit.com/search/?q=lecturer&type=communities || https://www.reddit.com/search/?q=teaching%20assistant&type=communities,4;32,50;60,hit_visible_result_cap_possible,,,pending_review,,not_scored_in_existing_ai_ranked_table,P,Information and communication,4,20196,search_rank=4; keyword_hits=2; single_section_candidate; warning=hit_visible_result_cap_possible
nursepractitioner,1,35,28,203,16,193,0,2023-03,2026-01,2023-05,,2025-11,85,13535,14.9982,0,complete,Q,Human health and social work activities,nurse,nurse,Q_Human_health_and_social_work_activities,https://www.reddit.com/r/nursepractitioner/,nursepractitioner,https://www.reddit.com/search/?q=nurse&type=communities,59,60,hit_visible_result_cap_possible,,,pending_review,,matched_existing_ai_ranked_table,Q,Wholesale and retail trade,1,37891,search_rank=59; keyword_hits=1; single_section_candidate; matched_existing_ai_ranked_table; existing_active_ai_months=28; warning=hit_visible_result_cap_possible
Nurses,1,35,21,26,7,22,0,2023-04,2026-01,2023-04,,2025-07,3,8836,2.9425,4,partial_counts,Q,Human health and social work activities,nurse,nurse,Q_Human_health_and_social_work_activities,https://www.reddit.com/r/Nurses/,Nurses,https://www.reddit.com/search/?q=nurse&type=communities,14,60,hit_visible_result_cap_possible,,,pending_review,,matched_existing_ai_ranked_table,Q,Wholesale and retail trade,2,37236,search_rank=14; keyword_hits=1; single_section_candidate; matched_existing_ai_ranked_table; existing_active_ai_months=21; warning=hit_visible_result_cap_possible
newgradnurse,1,35,10,16,1,15,0,2024-11,2026-01,2025-08,,2025-07,5,,,0,complete_counts_no_total,Q,Human health and social work activities,nurse,nurse,Q_Human_health_and_social_work_activities,https://www.reddit.com/r/newgradnurse/,newgradnurse,https://www.reddit.com/search/?q=nurse&type=communities,37,60,hit_visible_result_cap_possible,,,pending_review,,matched_existing_ai_ranked_table,Q,Wholesale and retail trade,3,36113,search_rank=37; keyword_hits=1; single_section_candidate; matched_existing_ai_ranked_table; existing_active_ai_months=10; warning=hit_visible_result_cap_possible
modern_nurse,1,35,2,2,0,2,0,2024-02,2024-05,,,2024-02,1,,,0,complete_counts_no_total,Q,Human health and social work activities,nurse,nurse,Q_Human_health_and_social_work_activities,https://www.reddit.com/r/modern_nurse/,modern_nurse,https://www.reddit.com/search/?q=nurse&type=communities,17,60,hit_visible_result_cap_possible,,,pending_review,,matched_existing_ai_ranked_table,Q,Wholesale and retail trade,4,35333,search_rank=17; keyword_hits=1; single_section_candidate; matched_existing_ai_ranked_table; existing_active_ai_months=2; warning=hit_visible_result_cap_possible
personaltraining,,,,,,,,,,,,,,,,,not_scored_in_existing_ai_ranked_table,R,"Arts, entertainment and recreation",personal trainer,personal trainer,R_Arts_entertainment_and_recreation,https://www.reddit.com/r/personaltraining/,personaltraining,https://www.reddit.com/search/?q=personal%20trainer&type=communities,1,60,hit_visible_result_cap_possible,,,pending_review,,not_scored_in_existing_ai_ranked_table,R,Human health and social work activities,1,20149,search_rank=1; keyword_hits=1; single_section_candidate; warning=hit_visible_result_cap_possible
musicians,,,,,,,,,,,,,,,,,not_scored_in_existing_ai_ranked_table,R,"Arts, entertainment and recreation",musician,musician,R_Arts_entertainment_and_recreation,https://www.reddit.com/r/musicians/,musicians,https://www.reddit.com/search/?q=musician&type=communities,1,60,hit_visible_result_cap_possible,,,pending_review,,not_scored_in_existing_ai_ranked_table,R,Human health and social work activities,2,20149,search_rank=1; keyword_hits=1; single_section_candidate; warning=hit_visible_result_cap_possible
Art,,,,,,,,,,,,,,,,,not_scored_in_existing_ai_ranked_table,R,"Arts, entertainment and recreation",artist,artist,R_Arts_entertainment_and_recreation,https://www.reddit.com/r/Art/,Art,https://www.reddit.com/search/?q=artist&type=communities,1,60,hit_visible_result_cap_possible,,,pending_review,,not_scored_in_existing_ai_ranked_table,R,Human health and social work activities,3,20149,search_rank=1; keyword_hits=1; single_section_candidate; warning=hit_visible_result_cap_possible
PersonalTrainer,,,,,,,,,,,,,,,,,not_scored_in_existing_ai_ranked_table,R,"Arts, entertainment and recreation",personal trainer,personal trainer,R_Arts_entertainment_and_recreation,https://www.reddit.com/r/PersonalTrainer/,PersonalTrainer,https://www.reddit.com/search/?q=personal%20trainer&type=communities,2,60,hit_visible_result_cap_possible,,,pending_review,,not_scored_in_existing_ai_ranked_table,R,Human health and social work activities,4,20148,search_rank=2; keyword_hits=1; single_section_candidate; warning=hit_visible_result_cap_possible
hairdresser,,,,,,,,,,,,,,,,,not_scored_in_existing_ai_ranked_table,S,Other service activities,hairdresser,hairdresser,S_Other_service_activities,https://www.reddit.com/r/hairdresser/,hairdresser,https://www.reddit.com/search/?q=hairdresser&type=communities,1,60,hit_visible_result_cap_possible,,,pending_review,,not_scored_in_existing_ai_ranked_table,S,Other service activities,1,20149,search_rank=1; keyword_hits=1; single_section_candidate; warning=hit_visible_result_cap_possible
askfuneraldirectors,,,,,,,,,,,,,,,,,not_scored_in_existing_ai_ranked_table,S,Other service activities,funeral director,funeral director,S_Other_service_activities,https://www.reddit.com/r/askfuneraldirectors/,askfuneraldirectors,https://www.reddit.com/search/?q=funeral%20director&type=communities,1,60,hit_visible_result_cap_possible,,,pending_review,,not_scored_in_existing_ai_ranked_table,S,Other service activities,2,20149,search_rank=1; keyword_hits=1; single_section_candidate; warning=hit_visible_result_cap_possible
HairStyle,,,,,,,,,,,,,,,,,not_scored_in_existing_ai_ranked_table,S,Other service activities,hairdresser,hairdresser,S_Other_service_activities,https://www.reddit.com/r/HairStyle/,HairStyle,https://www.reddit.com/search/?q=hairdresser&type=communities,2,60,hit_visible_result_cap_possible,,,pending_review,,not_scored_in_existing_ai_ranked_table,S,Other service activities,3,20148,search_rank=2; keyword_hits=1; single_section_candidate; warning=hit_visible_result_cap_possible
FuneralDirector,,,,,,,,,,,,,,,,,not_scored_in_existing_ai_ranked_table,S,Other service activities,funeral director,funeral director,S_Other_service_activities,https://www.reddit.com/r/FuneralDirector/,FuneralDirector,https://www.reddit.com/search/?q=funeral%20director&type=communities,2,60,hit_visible_result_cap_possible,,,pending_review,,not_scored_in_existing_ai_ranked_table,S,Other service activities,4,20148,search_rank=2; keyword_hits=1; single_section_candidate; warning=hit_visible_result_cap_possible
kitchenporn,,,,,,,,,,,,,,,,,not_scored_in_existing_ai_ranked_table,T,Activities of households as employers; undifferentiated goods- and services-producing activities of households for own use,housekeeper;private chef,housekeeper;private chef,T_Activities_of_households_as_employers_undifferentiated_goods_and_services_producing_activities_of_households_for_own_use,https://www.reddit.com/r/kitchenporn/,kitchenporn,https://www.reddit.com/search/?q=housekeeper&type=communities || https://www.reddit.com/search/?q=private%20chef&type=communities,5;24,60,hit_visible_result_cap_possible,,,pending_review,,not_scored_in_existing_ai_ranked_table,T,Accommodation and food service activities,1,20195,search_rank=5; keyword_hits=2; single_section_candidate; warning=hit_visible_result_cap_possible
PrivateChefs,,,,,,,,,,,,,,,,,not_scored_in_existing_ai_ranked_table,T,Activities of households as employers; undifferentiated goods- and services-producing activities of households for own use,private chef,private chef,T_Activities_of_households_as_employers_undifferentiated_goods_and_services_producing_activities_of_households_for_own_use,https://www.reddit.com/r/PrivateChefs/,PrivateChefs,https://www.reddit.com/search/?q=private%20chef&type=communities,1,60,hit_visible_result_cap_possible,,,pending_review,,not_scored_in_existing_ai_ranked_table,T,Accommodation and food service activities,2,20149,search_rank=1; keyword_hits=1; single_section_candidate; warning=hit_visible_result_cap_possible
housekeeper,,,,,,,,,,,,,,,,,not_scored_in_existing_ai_ranked_table,T,Activities of households as employers; undifferentiated goods- and services-producing activities of households for own use,housekeeper,housekeeper,T_Activities_of_households_as_employers_undifferentiated_goods_and_services_producing_activities_of_households_for_own_use,https://www.reddit.com/r/housekeeper/,housekeeper,https://www.reddit.com/search/?q=housekeeper&type=communities,1,60,hit_visible_result_cap_possible,,,pending_review,,not_scored_in_existing_ai_ranked_table,T,Accommodation and food service activities,3,20149,search_rank=1; keyword_hits=1; single_section_candidate; warning=hit_visible_result_cap_possible
roomdetective,,,,,,,,,,,,,,,,,not_scored_in_existing_ai_ranked_table,T,Activities of households as employers; undifferentiated goods- and services-producing activities of households for own use,housekeeper,housekeeper,T_Activities_of_households_as_employers_undifferentiated_goods_and_services_producing_activities_of_households_for_own_use,https://www.reddit.com/r/roomdetective/,roomdetective,https://www.reddit.com/search/?q=housekeeper&type=communities,2,60,hit_visible_result_cap_possible,,,pending_review,,not_scored_in_existing_ai_ranked_table,T,Accommodation and food service activities,4,20148,search_rank=2; keyword_hits=1; single_section_candidate; warning=hit_visible_result_cap_possible
Refugees,,,,,,,,,,,,,,,,,not_scored_in_existing_ai_ranked_table,U,Activities of extraterritorial organisations and bodies,embassy worker,embassy worker,U_Activities_of_extraterritorial_organisations_and_bodies,https://www.reddit.com/r/Refugees/,Refugees,https://www.reddit.com/search/?q=embassy%20worker&type=communities,1,45,,,,pending_review,,not_scored_in_existing_ai_ranked_table,U,Human health and social work activities,1,20149,search_rank=1; keyword_hits=1; single_section_candidate
nonprofit,,,,,,,,,,,,,,,,,not_scored_in_existing_ai_ranked_table,U,Activities of extraterritorial organisations and bodies,NGO worker,NGO worker,U_Activities_of_extraterritorial_organisations_and_bodies,https://www.reddit.com/r/nonprofit/,nonprofit,https://www.reddit.com/search/?q=NGO%20worker&type=communities,2,45,,,,pending_review,,not_scored_in_existing_ai_ranked_table,U,Human health and social work activities,2,20148,search_rank=2; keyword_hits=1; single_section_candidate
immigration,,,,,,,,,,,,,,,,,not_scored_in_existing_ai_ranked_table,U,Activities of extraterritorial organisations and bodies,embassy worker,embassy worker,U_Activities_of_extraterritorial_organisations_and_bodies,https://www.reddit.com/r/immigration/,immigration,https://www.reddit.com/search/?q=embassy%20worker&type=communities,2,45,,,,pending_review,,not_scored_in_existing_ai_ranked_table,U,Human health and social work activities,3,20148,search_rank=2; keyword_hits=1; single_section_candidate
visas,,,,,,,,,,,,,,,,,not_scored_in_existing_ai_ranked_table,U,Activities of extraterritorial organisations and bodies,embassy worker,embassy worker,U_Activities_of_extraterritorial_organisations_and_bodies,https://www.reddit.com/r/visas/,visas,https://www.reddit.com/search/?q=embassy%20worker&type=communities,3,45,,,,pending_review,,not_scored_in_existing_ai_ranked_table,U,Human health and social work activities,4,20147,search_rank=3; keyword_hits=1; single_section_candidate
