subreddit,has_ai_discussion,months_observed,active_ai_months,any_keyword_posts,chatgpt_posts,ai_posts,generative_ai_posts,first_ai_month,last_ai_month,first_chatgpt_month,first_generative_ai_month,peak_ai_month,peak_ai_posts,total_posts_period,ai_posts_per_1000_total_posts,failure_events,data_quality
Accounting,1,35,35,3475,579,3070,30,2023-03,2026-01,2023-03,2023-03,2025-07,205,161474,21.5205,0,complete
Lawyertalk,1,35,35,1180,226,1059,24,2023-03,2026-01,2023-03,2023-05,2025-07,83,39364,29.9766,0,complete
LawSchool,1,35,35,959,219,824,17,2023-03,2026-01,2023-03,2023-10,2025-09,54,69430,13.8125,0,complete
law,1,35,35,772,113,678,17,2023-03,2026-01,2023-03,2023-03,2025-10,53,54061,14.2802,0,complete
legal,1,35,35,541,121,451,12,2023-03,2026-01,2023-03,2023-04,2026-01,41,61026,8.8651,0,complete
CharteredAccountants,1,35,34,534,169,390,0,2023-03,2026-01,2023-05,,2025-09,54,70876,7.5343,0,complete
legaladviceofftopic,1,35,35,484,87,425,9,2023-03,2026-01,2023-03,2023-07,2025-07,34,40534,11.9406,0,complete
Ask_Lawyers,1,35,34,478,83,431,17,2023-03,2026-01,2023-03,2023-05,2025-05,31,27987,17.0794,0,complete
CPA,1,35,34,448,152,315,3,2023-03,2026-01,2023-03,2023-10,2025-07,35,69810,6.4174,0,complete
biglaw,1,35,35,361,61,329,12,2023-03,2026-01,2023-03,2023-06,2025-07,31,25562,14.1225,0,complete
paralegal,1,35,34,349,57,313,1,2023-03,2026-01,2023-03,2023-10,2026-01,33,18057,19.3277,0,complete
Big4,1,35,33,349,40,321,8,2023-04,2026-01,2023-04,2023-07,2025-10,27,27526,12.6789,0,complete
uklaw,1,35,34,332,68,0,6,2023-03,2026-01,2023-03,2023-09,2025-06,22,,,0,complete_counts_no_total
AccountingPH,1,35,31,291,37,264,0,2023-06,2026-01,2023-10,,2025-09,23,57323,5.0765,0,complete
AskLawyers,1,35,33,285,66,230,5,2023-03,2026-01,2023-03,2023-04,2026-01,30,24187,11.7832,0,complete
Bookkeeping,1,35,30,229,32,204,0,2023-04,2025-11,2023-04,,2025-08,26,12370,18.5125,0,complete
AusLegal,1,35,34,214,76,150,0,2023-03,2026-01,2023-05,,2025-11,23,48573,4.4057,0,complete
nursepractitioner,1,35,28,203,16,193,0,2023-03,2026-01,2023-05,,2025-11,85,13535,14.9982,0,complete
AskALawyer,1,35,28,203,52,160,5,2023-04,2025-08,2023-04,2023-08,2025-06,15,45405,4.4709,0,complete
actuary,1,35,35,171,46,135,5,2023-03,2026-01,2023-03,2023-06,2024-11,11,21453,7.9709,0,complete
ACCA,1,35,32,147,62,98,0,2023-03,2026-01,2023-03,,2025-06,13,24846,5.9164,0,complete
Law_and_Politics,1,35,26,145,8,138,2,2023-12,2026-01,2024-05,2024-04,2025-12,12,41924,3.4586,0,complete
InternalAudit,1,35,27,143,24,124,3,2023-03,2026-01,2023-03,2024-12,2025-07,13,4558,31.3734,0,complete
LegalAdviceUK,1,35,15,122,16,590,2,2023-04,2024-06,2023-04,2023-12,2024-04,17,182431,0.6687,0,complete
ems,1,35,30,98,23,81,2,2023-03,2026-01,2023-03,2023-12,2023-12,8,24674,3.9718,0,complete
taxpros,1,35,26,98,24,89,0,2023-03,2026-01,2023-04,,2026-01,16,5120,19.1406,0,complete
LawyerAdvice,1,35,15,97,25,75,0,2024-08,2025-11,2024-08,,2025-08,13,10179,9.5294,0,complete
FamilyLaw,1,35,23,78,43,39,0,2024-01,2026-01,2024-03,,2025-06,10,17104,4.5603,0,complete
AccountingDepartment,1,35,25,66,5,62,0,2023-06,2026-01,2023-07,,2026-01,8,1460,45.2055,0,complete
AskLegal,1,35,26,61,21,44,1,2023-03,2026-01,2023-03,2024-06,2026-01,8,6026,10.1228,0,complete
ActuaryUK,1,35,25,57,12,47,2,2023-03,2025-12,2023-03,2024-02,2024-11,7,6425,8.8716,0,complete
Accountant,1,35,20,46,6,43,0,2023-03,2026-01,2024-05,,2025-09,6,,,0,complete_counts_no_total
LegalNews,1,35,20,45,6,40,1,2023-06,2026-01,2023-06,2025-07,2025-10,7,6446,6.9811,0,complete
Frauditors,1,35,17,39,4,36,1,2024-01,2026-01,2025-03,2025-04,2025-05,6,6400,6.0938,0,complete
AskAccounting,1,35,16,35,7,31,0,2024-07,2026-01,2025-01,,2025-12,7,,,0,complete_counts_no_total
Actuary_news,1,35,18,34,5,31,1,2023-03,2026-01,2023-03,2025-10,2025-08,5,1169,29.0847,0,complete
auditing,1,35,16,34,2,33,0,2023-10,2026-01,2024-09,,2025-09,6,,,0,complete_counts_no_total
AccountingUK,1,35,14,32,4,29,1,2023-10,2026-01,2024-05,2023-10,2026-01,6,,,0,complete_counts_no_total
Nurses,1,35,21,26,7,22,0,2023-04,2026-01,2023-04,,2025-07,3,8836,2.9425,4,partial_counts
LawAndOrder,1,35,15,25,3,23,0,2023-06,2026-01,2023-06,,2026-01,5,7667,3.2607,0,complete
inlaws,1,35,14,25,6,19,0,2024-01,2025-12,2025-03,,2025-11,5,16599,1.5061,0,complete
bestoflegaladvice,1,35,16,24,9,16,0,2023-05,2026-01,2023-05,,2023-07,3,4736,5.0676,0,complete
ukaccounting,1,35,12,19,9,13,0,2024-08,2026-01,2024-09,,2025-04,3,,,0,complete_counts_no_total
LawyerAI,1,35,10,19,2,18,1,2024-03,2026-01,2024-12,2024-10,2024-03,4,,,0,complete_counts_no_total
newgradnurse,1,35,10,16,1,15,0,2024-11,2026-01,2025-08,,2025-07,5,,,0,complete_counts_no_total
prelaw,1,35,9,15,4,12,0,2024-02,2025-10,2024-02,,2025-05,3,,,0,complete_counts_no_total
CMA,1,35,8,15,7,9,0,2024-09,2025-11,2025-03,,2025-08,5,,,0,complete_counts_no_total
LawTeaching,1,35,8,12,1,11,0,2024-03,2025-12,2025-09,,2025-09,3,,,0,complete_counts_no_total
LawSchoolOver30,1,35,5,6,1,5,0,2025-06,2026-01,2026-01,,2025-12,2,,,0,complete_counts_no_total
badlegaladvice,1,35,5,5,0,5,0,2023-07,2025-05,,,2023-07,1,295,16.9492,0,complete
CPAs,1,35,3,4,0,4,0,2023-09,2024-08,,,2023-09,2,,,0,complete_counts_no_total
accountants,1,35,2,4,0,4,0,2025-09,2026-01,,,2025-09,3,,,0,complete_counts_no_total
CorporateLawyer,1,35,3,3,0,3,0,2024-10,2025-04,,,2024-10,1,,,0,complete_counts_no_total
Auditor,1,35,2,3,0,3,0,2024-10,2025-09,,,2025-09,2,,,0,complete_counts_no_total
ManagementAccounting,1,35,2,3,0,3,0,2023-04,2025-06,,,2025-06,2,,,0,complete_counts_no_total
asknurses,1,35,2,2,0,2,0,2024-01,2024-02,,,2024-01,1,1438,1.3908,0,complete
AskAnAccountant,1,35,2,2,2,0,0,2025-03,2025-05,2025-03,,2025-03,1,,,0,complete_counts_no_total
TheBig4Accountant,1,35,2,2,0,2,0,2025-10,2026-01,,,2025-10,1,,,0,complete_counts_no_total
LawMoms,1,35,2,2,1,1,0,2025-07,2025-09,2025-07,,2025-07,1,,,0,complete_counts_no_total
YourRedditLawyerFirm,1,35,2,2,0,2,0,2024-01,2024-12,,,2024-01,1,,,0,complete_counts_no_total
modern_nurse,1,35,2,2,0,2,0,2024-02,2024-05,,,2024-02,1,,,0,complete_counts_no_total
NursesofReddit,1,35,2,2,0,2,0,2024-02,2024-03,,,2024-02,1,,,0,complete_counts_no_total
LawyersOffTheRecord,1,35,1,2,0,2,0,2025-12,2025-12,,,2025-12,2,,,0,complete_counts_no_total
BadAccounting,1,35,1,1,0,1,0,2025-12,2025-12,,,2025-12,1,,,0,complete_counts_no_total
CostAccounting,1,35,1,1,1,1,0,2025-11,2025-11,2025-11,,2025-11,1,,,0,complete_counts_no_total
NY_Tax_Professionals,1,35,1,1,0,1,0,2025-01,2025-01,,,2025-01,1,,,0,complete_counts_no_total
LawyersForum,1,35,1,1,0,1,0,2025-08,2025-08,,,2025-08,1,,,0,complete_counts_no_total
nursecoach,1,35,1,1,0,1,0,2023-06,2023-06,,,2023-06,1,,,0,complete_counts_no_total
NurseJackie,1,35,1,1,0,1,0,2025-10,2025-10,,,2025-10,1,,,0,complete_counts_no_total
nursestoriches,1,35,1,1,0,1,0,2023-07,2023-07,,,2023-07,1,,,0,complete_counts_no_total
accountanthell,0,35,0,0,0,0,0,,,,,,0,,,0,complete_counts_no_total
accountingCAN,0,35,0,0,0,0,0,,,,,,0,,,0,complete_counts_no_total
CharteredAccountant,0,35,0,0,0,0,0,,,,,,0,,,0,complete_counts_no_total
BusinessLawyer,0,35,0,0,0,0,0,,,,,,0,,,0,complete_counts_no_total
CarAccidentLawyer,0,35,0,0,0,0,0,,,,,,0,,,0,complete_counts_no_total
FirstGenLawyer,0,35,0,0,0,0,0,,,,,,0,,,0,complete_counts_no_total
Lawyer,0,35,0,0,0,0,0,,,,,,0,,,0,complete_counts_no_total
lawyer_irl,0,35,0,0,0,0,0,,,,,,0,,,0,complete_counts_no_total
LawyersGrowth,0,35,0,0,0,0,0,,,,,,0,,,0,complete_counts_no_total
LawyersinRecovery,0,35,0,0,0,0,0,,,,,,0,,,0,complete_counts_no_total
LawyerSpouses,0,35,0,0,0,0,0,,,,,,0,,,0,complete_counts_no_total
LawyersUsefulThings,0,35,0,0,0,0,0,,,,,,0,,,0,complete_counts_no_total
naughtylawyers,0,35,0,0,0,0,0,,,,,,0,,,0,complete_counts_no_total
RealEstateLawyer,0,35,0,0,0,0,0,,,,,,0,,,0,complete_counts_no_total
RedditLawyer,0,35,0,0,0,0,0,,,,,,0,,,0,complete_counts_no_total
karen_nurse_comics,0,35,0,0,0,0,0,,,,,,0,,,0,complete_counts_no_total
naughty_nurse_trina,0,35,0,0,0,0,0,,,,,,0,,,0,complete_counts_no_total
Nurse,0,35,0,0,0,0,0,,,,,,0,,,0,complete_counts_no_total
nurse_of_love,0,35,0,0,0,0,0,,,,,,0,,,0,complete_counts_no_total
NurseAllTheBabies,0,35,0,0,0,0,0,,,,,,0,1040,0.0000,0,complete
nurseanesthesia,0,35,0,0,0,0,0,,,,,,0,,,0,complete_counts_no_total
nursebrain,0,35,0,0,0,0,0,,,,,,0,,,4,partial_counts_no_total
NurseConciergeStartup,0,35,0,0,0,0,0,,,,,,0,,,0,complete_counts_no_total
nurseconfessions,0,35,0,0,0,0,0,,,,,,0,,,0,complete_counts_no_total
nursecredentialing,0,35,0,0,0,0,0,,,,,,0,,,41,partial_counts_no_total
NurseCstat,0,35,0,0,0,0,0,,,,,,0,,,0,complete_counts_no_total
NursedImages,0,35,0,0,0,0,0,,,,,,0,,,0,complete_counts_no_total
NurseLifeRN,0,35,0,0,0,0,0,,,,,,0,,,0,complete_counts_no_total
nursemartyr,0,35,0,0,0,0,0,,,,,,0,,,0,complete_counts_no_total
nursenyasnark,0,35,0,0,0,0,0,,,,,,0,,,70,partial_counts_no_total
nursepambashing,0,35,0,0,0,0,0,,,,,,0,,,37,partial_counts_no_total
nursepositivity,0,35,0,0,0,0,0,,,,,,0,,,0,complete_counts_no_total
nursepractitioners,0,35,0,0,0,0,0,,,,,,0,,,0,complete_counts_no_total
NursePractitionerSub,0,35,0,0,0,0,0,,,,,,0,,,0,complete_counts_no_total
Nursery,0,35,0,0,0,0,0,,,,,,0,,,4,partial_counts_no_total
NurseryNurseFans,0,35,0,0,0,0,0,,,,,,0,,,0,complete_counts_no_total
nurserynursesnark,0,35,0,0,0,0,0,,,,,,0,,,0,complete_counts_no_total
nurseryrhymes,0,35,0,0,0,0,0,,,,,,0,,,0,complete_counts_no_total
nurses2027,0,35,0,0,0,0,0,,,,,,0,,,0,complete_counts_no_total
nurses4truth,0,35,0,0,0,0,0,,,,,,0,,,0,complete_counts_no_total
nurses_with_addiction,0,35,0,0,0,0,0,,,,,,0,,,0,complete_counts_no_total
nursesidehustles,0,35,0,0,0,0,0,,,,,,0,,,0,complete_counts_no_total
NursesinRecovery,0,35,0,0,0,0,0,,,,,,0,,,0,complete_counts_no_total
Nursestv,0,35,0,0,0,0,0,,,,,,0,,,0,complete_counts_no_total
nursesuk,0,35,0,0,0,0,0,,,,,,0,,,0,complete_counts_no_total
